deck_id,deck_name,tier,source,card_1,card_2,card_3,card_4,card_5,card_6,card_7,card_8,avg_elixir,archetype,win_rate,usage_count,total_battles
1,2.6 Hog Cycle,S,Classic competitive deck,Hog Rider,Musketeer,Ice Spirit,Skeletons,Fireball,The Log,Cannon,Ice Golem,2.62,Cycle,57.48,1324,9844
2,2.6 Hog Cycle,S,Classic competitive deck,Hog Rider,Musketeer,Ice Spirit,Skeletons,Fireball,The Log,Cannon,Ice Golem,2.62,Cycle,57.64,1286,4399
3,2.6 Hog Cycle,S,Classic competitive deck,Hog Rider,Musketeer,Ice Spirit,Skeletons,Fireball,The Log,Cannon,Ice Golem,2.62,Cycle,55.78,1324,7986
4,2.6 Hog Cycle,S,Classic competitive deck,Hog Rider,Musketeer,Ice Spirit,Skeletons,Fireball,The Log,Cannon,Ice Golem,2.62,Cycle,55.33,1205,7612
5,2.6 Hog Cycle,S,Classic competitive deck,Hog Rider,Musketeer,Ice Spirit,Skeletons,Fireball,The Log,Cannon,Ice Golem,2.62,Cycle,55.32,1214,6972
6,Mega Knight Miner Bait,S,Top ladder favorite,Mega Knight,Miner,Bats,Skeletons,Inferno Tower,Goblin Barrel,The Log,Princess,3.25,Control,58.08,1027,4232
7,Mega Knight Miner Bait,S,Top ladder favorite,Mega Knight,Miner,Bats,Skeletons,Inferno Tower,Goblin Barrel,The Log,Princess,3.25,Control,58.14,965,4465
8,Mega Knight Miner Bait,S,Top ladder favorite,Mega Knight,Miner,Bats,Skeletons,Inferno Tower,Goblin Barrel,The Log,Princess,3.25,Control,58.24,1027,7441
9,Mega Knight Miner Bait,S,Top ladder favorite,Mega Knight,Miner,Bats,Skeletons,Inferno Tower,Goblin Barrel,The Log,Princess,3.25,Control,57.97,1015,3520
10,Mega Knight Miner Bait,S,Top ladder favorite,Mega Knight,Miner,Bats,Skeletons,Inferno Tower,Goblin Barrel,The Log,Princess,3.25,Control,57.1,969,4089
11,Royal Hogs Earthquake,S,Top 100 global,Royal Hogs,Earthquake,Mighty Miner,Royal Recruits,Hunter,Skeletons,Fisherman,The Log,3.62,Beatdown,59.72,768,5729
12,Royal Hogs Earthquake,S,Top 100 global,Royal Hogs,Earthquake,Mighty Miner,Royal Recruits,Hunter,Skeletons,Fisherman,The Log,3.62,Beatdown,58.69,829,4570
13,Royal Hogs Earthquake,S,Top 100 global,Royal Hogs,Earthquake,Mighty Miner,Royal Recruits,Hunter,Skeletons,Fisherman,The Log,3.62,Beatdown,58.53,783,3113
14,Royal Hogs Earthquake,S,Top 100 global,Royal Hogs,Earthquake,Mighty Miner,Royal Recruits,Hunter,Skeletons,Fisherman,The Log,3.62,Beatdown,58.97,752,2347
15,Royal Hogs Earthquake,S,Top 100 global,Royal Hogs,Earthquake,Mighty Miner,Royal Recruits,Hunter,Skeletons,Fisherman,The Log,3.62,Beatdown,58.74,736,5668
16,PEKKA Bridge Spam,S,Tournament meta,PEKKA,Battle Ram,Bandit,Magic Archer,Electro Wizard,Poison,Zap,Royal Ghost,3.88,Beatdown,56.76,1207,5854
17,PEKKA Bridge Spam,S,Tournament meta,PEKKA,Battle Ram,Bandit,Magic Archer,Electro Wizard,Poison,Zap,Royal Ghost,3.88,Beatdown,53.95,1209,6215
18,PEKKA Bridge Spam,S,Tournament meta,PEKKA,Battle Ram,Bandit,Magic Archer,Electro Wizard,Poison,Zap,Royal Ghost,3.88,Beatdown,56.8,1214,8819
19,PEKKA Bridge Spam,S,Tournament meta,PEKKA,Battle Ram,Bandit,Magic Archer,Electro Wizard,Poison,Zap,Royal Ghost,3.88,Beatdown,54.78,1127,8177
20,PEKKA Bridge Spam,S,Tournament meta,PEKKA,Battle Ram,Bandit,Magic Archer,Electro Wizard,Poison,Zap,Royal Ghost,3.88,Beatdown,54.85,1095,6333
21,Goblin Barrel Bait,S,Classic log bait,Goblin Barrel,Princess,Goblin Gang,Knight,Inferno Tower,Rocket,The Log,Skeleton Army,3.5,Cycle,57.51,894,5230
22,Goblin Barrel Bait,S,Classic log bait,Goblin Barrel,Princess,Goblin Gang,Knight,Inferno Tower,Rocket,The Log,Skeleton Army,3.5,Cycle,54.99,882,7012
23,Goblin Barrel Bait,S,Classic log bait,Goblin Barrel,Princess,Goblin Gang,Knight,Inferno Tower,Rocket,The Log,Skeleton Army,3.5,Cycle,55.12,867,6404
24,Goblin Barrel Bait,S,Classic log bait,Goblin Barrel,Princess,Goblin Gang,Knight,Inferno Tower,Rocket,The Log,Skeleton Army,3.5,Cycle,56.92,894,5822
25,Goblin Barrel Bait,S,Classic log bait,Goblin Barrel,Princess,Goblin Gang,Knight,Inferno Tower,Rocket,The Log,Skeleton Army,3.5,Cycle,55.78,834,5877
26,Mortar Cycle,S,OJ's favorite,Mortar,Miner,Skeletons,Ice Spirit,Bomber,The Log,Rocket,Knight,2.88,Siege,56.83,750,5674
27,Mortar Cycle,S,OJ's favorite,Mortar,Miner,Skeletons,Ice Spirit,Bomber,The Log,Rocket,Knight,2.88,Siege,55.93,695,4859
28,Mortar Cycle,S,OJ's favorite,Mortar,Miner,Skeletons,Ice Spirit,Bomber,The Log,Rocket,Knight,2.88,Siege,56.35,725,5059
29,Mortar Cycle,S,OJ's favorite,Mortar,Miner,Skeletons,Ice Spirit,Bomber,The Log,Rocket,Knight,2.88,Siege,57.07,670,3268
30,Mortar Cycle,S,OJ's favorite,Mortar,Miner,Skeletons,Ice Spirit,Bomber,The Log,Rocket,Knight,2.88,Siege,54.68,706,2244
31,LavaLoon,A,Air beatdown classic,Lava Hound,Balloon,Mega Minion,Minions,Fireball,Arrows,Tombstone,Skeleton Army,3.88,Beatdown,53.7,441,1954
32,LavaLoon,A,Air beatdown classic,Lava Hound,Balloon,Mega Minion,Minions,Fireball,Arrows,Tombstone,Skeleton Army,3.88,Beatdown,54.07,364,1159
33,LavaLoon,A,Air beatdown classic,Lava Hound,Balloon,Mega Minion,Minions,Fireball,Arrows,Tombstone,Skeleton Army,3.88,Beatdown,54.77,414,1505
34,LavaLoon,A,Air beatdown classic,Lava Hound,Balloon,Mega Minion,Minions,Fireball,Arrows,Tombstone,Skeleton Army,3.88,Beatdown,53.87,475,1937
35,LavaLoon,A,Air beatdown classic,Lava Hound,Balloon,Mega Minion,Minions,Fireball,Arrows,Tombstone,Skeleton Army,3.88,Beatdown,54.17,372,1212
36,Golem Night Witch,A,Heavy meta,Lava Hound,Mega Minion,Baby Dragon,Tombstone,Lightning,Arrows,Inferno Dragon,Night Witch,4.25,Beatdown,54.29,411,2542
37,Golem Night Witch,A,Heavy meta,Lava Hound,Mega Minion,Baby Dragon,Tombstone,Lightning,Arrows,Inferno Dragon,Night Witch,4.25,Beatdown,54.88,476,2656
38,Golem Night Witch,A,Heavy meta,Lava Hound,Mega Minion,Baby Dragon,Tombstone,Lightning,Arrows,Inferno Dragon,Night Witch,4.25,Beatdown,53.67,449,1955
39,Golem Night Witch,A,Heavy meta,Lava Hound,Mega Minion,Baby Dragon,Tombstone,Lightning,Arrows,Inferno Dragon,Night Witch,4.25,Beatdown,54.02,341,1066
40,Golem Night Witch,A,Heavy meta,Lava Hound,Mega Minion,Baby Dragon,Tombstone,Lightning,Arrows,Inferno Dragon,Night Witch,4.25,Beatdown,55.59,455,2948
41,X-Bow 2.9,A,Surgical Goblin's deck,X-Bow,Tesla,Archers,Knight,Skeletons,Ice Spirit,Fireball,The Log,3.0,Siege,54.83,495,1872
42,X-Bow 2.9,A,Surgical Goblin's deck,X-Bow,Tesla,Archers,Knight,Skeletons,Ice Spirit,Fireball,The Log,3.0,Siege,54.35,552,3628
43,X-Bow 2.9,A,Surgical Goblin's deck,X-Bow,Tesla,Archers,Knight,Skeletons,Ice Spirit,Fireball,The Log,3.0,Siege,55.58,511,3972
44,X-Bow 2.9,A,Surgical Goblin's deck,X-Bow,Tesla,Archers,Knight,Skeletons,Ice Spirit,Fireball,The Log,3.0,Siege,55.81,553,3350
45,X-Bow 2.9,A,Surgical Goblin's deck,X-Bow,Tesla,Archers,Knight,Skeletons,Ice Spirit,Fireball,The Log,3.0,Siege,54.86,507,2423
46,Hog Earthquake,A,Earthquake meta,Hog Rider,Musketeer,Ice Spirit,Skeletons,Earthquake,The Log,Cannon,Ice Golem,2.5,Cycle,55.47,532,1904
47,Hog Earthquake,A,Earthquake meta,Hog Rider,Musketeer,Ice Spirit,Skeletons,Earthquake,The Log,Cannon,Ice Golem,2.5,Cycle,53.34,536,3900
48,Hog Earthquake,A,Earthquake meta,Hog Rider,Musketeer,Ice Spirit,Skeletons,Earthquake,The Log,Cannon,Ice Golem,2.5,Cycle,55.31,601,2096
49,Hog Earthquake,A,Earthquake meta,Hog Rider,Musketeer,Ice Spirit,Skeletons,Earthquake,The Log,Cannon,Ice Golem,2.5,Cycle,54.67,601,2323
50,Hog Earthquake,A,Earthquake meta,Hog Rider,Musketeer,Ice Spirit,Skeletons,Earthquake,The Log,Cannon,Ice Golem,2.5,Cycle,54.5,589,3580
51,Mega Knight Bridge,A,Aggro favorite,Mega Knight,Bandit,Battle Ram,Magic Archer,Electro Wizard,Zap,Poison,Royal Ghost,3.88,Beatdown,54.01,596,2904
52,Mega Knight Bridge,A,Aggro favorite,Mega Knight,Bandit,Battle Ram,Magic Archer,Electro Wizard,Zap,Poison,Royal Ghost,3.88,Beatdown,53.98,665,4842
53,Mega Knight Bridge,A,Aggro favorite,Mega Knight,Bandit,Battle Ram,Magic Archer,Electro Wizard,Zap,Poison,Royal Ghost,3.88,Beatdown,54.08,614,2058
54,Mega Knight Bridge,A,Aggro favorite,Mega Knight,Bandit,Battle Ram,Magic Archer,Electro Wizard,Zap,Poison,Royal Ghost,3.88,Beatdown,54.03,593,3515
55,Mega Knight Bridge,A,Aggro favorite,Mega Knight,Bandit,Battle Ram,Magic Archer,Electro Wizard,Zap,Poison,Royal Ghost,3.88,Beatdown,54.92,676,3340
56,Graveyard Freeze,A,Tilt strategy,Graveyard,Baby Dragon,Tombstone,Knight,Freeze,Ice Spirit,Bowler,The Log,3.38,Control,54.93,338,1936
57,Graveyard Freeze,A,Tilt strategy,Graveyard,Baby Dragon,Tombstone,Knight,Freeze,Ice Spirit,Bowler,The Log,3.38,Control,55.82,327,2552
58,Graveyard Freeze,A,Tilt strategy,Graveyard,Baby Dragon,Tombstone,Knight,Freeze,Ice Spirit,Bowler,The Log,3.38,Control,55.72,299,1000
59,Graveyard Freeze,A,Tilt strategy,Graveyard,Baby Dragon,Tombstone,Knight,Freeze,Ice Spirit,Bowler,The Log,3.38,Control,53.3,272,944
60,Graveyard Freeze,A,Tilt strategy,Graveyard,Baby Dragon,Tombstone,Knight,Freeze,Ice Spirit,Bowler,The Log,3.38,Control,55.05,280,1286
61,Royal Giant Lightning,A,RG meta deck,Royal Giant,Fisherman,Lightning,The Log,Mega Minion,Skeletons,Furnace,Hunter,3.62,Control,55.13,513,3628
62,Royal Giant Lightning,A,RG meta deck,Royal Giant,Fisherman,Lightning,The Log,Mega Minion,Skeletons,Furnace,Hunter,3.62,Control,53.45,527,3416
63,Royal Giant Lightning,A,RG meta deck,Royal Giant,Fisherman,Lightning,The Log,Mega Minion,Skeletons,Furnace,Hunter,3.62,Control,54.49,641,4278
64,Royal Giant Lightning,A,RG meta deck,Royal Giant,Fisherman,Lightning,The Log,Mega Minion,Skeletons,Furnace,Hunter,3.62,Control,55.01,552,2145
65,Royal Giant Lightning,A,RG meta deck,Royal Giant,Fisherman,Lightning,The Log,Mega Minion,Skeletons,Furnace,Hunter,3.62,Control,54.85,631,5018
66,Three Musketeers,A,3M classic,Three Musketeers,Battle Ram,Ice Golem,Elixir Collector,Fireball,The Log,Dark Prince,Ice Spirit,4.0,Beatdown,52.54,345,2374
67,Three Musketeers,A,3M classic,Three Musketeers,Battle Ram,Ice Golem,Elixir Collector,Fireball,The Log,Dark Prince,Ice Spirit,4.0,Beatdown,52.32,429,3128
68,Three Musketeers,A,3M classic,Three Musketeers,Battle Ram,Ice Golem,Elixir Collector,Fireball,The Log,Dark Prince,Ice Spirit,4.0,Beatdown,52.59,402,2722
69,Three Musketeers,A,3M classic,Three Musketeers,Battle Ram,Ice Golem,Elixir Collector,Fireball,The Log,Dark Prince,Ice Spirit,4.0,Beatdown,51.61,425,2348
70,Three Musketeers,A,3M classic,Three Musketeers,Battle Ram,Ice Golem,Elixir Collector,Fireball,The Log,Dark Prince,Ice Spirit,4.0,Beatdown,53.78,338,2527
71,Miner Poison,A,Chip damage meta,Miner,Poison,Mega Minion,Skeletons,Inferno Tower,Goblin Barrel,The Log,Knight,3.0,Control,53.57,421,3168
72,Miner Poison,A,Chip damage meta,Miner,Poison,Mega Minion,Skeletons,Inferno Tower,Goblin Barrel,The Log,Knight,3.0,Control,52.67,467,3619
73,Miner Poison,A,Chip damage meta,Miner,Poison,Mega Minion,Skeletons,Inferno Tower,Goblin Barrel,The Log,Knight,3.0,Control,55.25,506,3116
74,Miner Poison,A,Chip damage meta,Miner,Poison,Mega Minion,Skeletons,Inferno Tower,Goblin Barrel,The Log,Knight,3.0,Control,53.75,463,2149
75,Miner Poison,A,Chip damage meta,Miner,Poison,Mega Minion,Skeletons,Inferno Tower,Goblin Barrel,The Log,Knight,3.0,Control,54.42,532,3701
76,Giant Double Prince,A,Heavy push deck,Giant,Prince,Dark Prince,Musketeer,Fireball,Zap,Mega Minion,Ice Spirit,3.5,Beatdown,54.07,443,2424
77,Giant Double Prince,A,Heavy push deck,Giant,Prince,Dark Prince,Musketeer,Fireball,Zap,Mega Minion,Ice Spirit,3.5,Beatdown,51.87,512,2666
78,Giant Double Prince,A,Heavy push deck,Giant,Prince,Dark Prince,Musketeer,Fireball,Zap,Mega Minion,Ice Spirit,3.5,Beatdown,54.36,482,1728
79,Giant Double Prince,A,Heavy push deck,Giant,Prince,Dark Prince,Musketeer,Fireball,Zap,Mega Minion,Ice Spirit,3.5,Beatdown,52.13,544,3313
80,Giant Double Prince,A,Heavy push deck,Giant,Prince,Dark Prince,Musketeer,Fireball,Zap,Mega Minion,Ice Spirit,3.5,Beatdown,52.0,442,2875
81,Skeleton King Bridge,B,Champion variant,Skeleton King,Battle Ram,Bandit,Magic Archer,Electro Wizard,Zap,Poison,Royal Ghost,3.5,Beatdown,50.42,353,2305
82,Skeleton King Bridge,B,Champion variant,Skeleton King,Battle Ram,Bandit,Magic Archer,Electro Wizard,Zap,Poison,Royal Ghost,3.5,Beatdown,50.44,242,1919
83,Skeleton King Bridge,B,Champion variant,Skeleton King,Battle Ram,Bandit,Magic Archer,Electro Wizard,Zap,Poison,Royal Ghost,3.5,Beatdown,51.32,285,2013
84,Skeleton King Bridge,B,Champion variant,Skeleton King,Battle Ram,Bandit,Magic Archer,Electro Wizard,Zap,Poison,Royal Ghost,3.5,Beatdown,53.04,377,2551
85,Skeleton King Bridge,B,Champion variant,Skeleton King,Battle Ram,Bandit,Magic Archer,Electro Wizard,Zap,Poison,Royal Ghost,3.5,Beatdown,51.33,242,1666
86,Hog Bait,B,Hybrid bait,Hog Rider,Musketeer,Goblin Gang,Skeletons,Fireball,The Log,Cannon,Princess,3.0,Cycle,51.58,373,2809
87,Hog Bait,B,Hybrid bait,Hog Rider,Musketeer,Goblin Gang,Skeletons,Fireball,The Log,Cannon,Princess,3.0,Cycle,50.23,383,1170
88,Hog Bait,B,Hybrid bait,Hog Rider,Musketeer,Goblin Gang,Skeletons,Fireball,The Log,Cannon,Princess,3.0,Cycle,51.31,318,1142
89,Hog Bait,B,Hybrid bait,Hog Rider,Musketeer,Goblin Gang,Skeletons,Fireball,The Log,Cannon,Princess,3.0,Cycle,50.25,407,2739
90,Hog Bait,B,Hybrid bait,Hog Rider,Musketeer,Goblin Gang,Skeletons,Fireball,The Log,Cannon,Princess,3.0,Cycle,51.65,454,2212
91,Hog Freeze,B,Freeze variant,Hog Rider,Musketeer,Ice Spirit,Skeletons,Freeze,The Log,Cannon,Ice Golem,2.62,Cycle,50.16,320,1317
92,Hog Freeze,B,Freeze variant,Hog Rider,Musketeer,Ice Spirit,Skeletons,Freeze,The Log,Cannon,Ice Golem,2.62,Cycle,52.19,191,1499
93,Hog Freeze,B,Freeze variant,Hog Rider,Musketeer,Ice Spirit,Skeletons,Freeze,The Log,Cannon,Ice Golem,2.62,Cycle,49.43,323,1821
94,Hog Freeze,B,Freeze variant,Hog Rider,Musketeer,Ice Spirit,Skeletons,Freeze,The Log,Cannon,Ice Golem,2.62,Cycle,52.28,201,1159
95,Hog Freeze,B,Freeze variant,Hog Rider,Musketeer,Ice Spirit,Skeletons,Freeze,The Log,Cannon,Ice Golem,2.62,Cycle,52.21,268,1647
96,RG Earthquake,B,EQ meta RG,Royal Giant,Earthquake,Mighty Miner,Lightning,Hunter,Skeletons,Fisherman,The Log,3.62,Siege,52.89,438,2688
97,RG Earthquake,B,EQ meta RG,Royal Giant,Earthquake,Mighty Miner,Lightning,Hunter,Skeletons,Fisherman,The Log,3.62,Siege,52.55,505,1629
98,RG Earthquake,B,EQ meta RG,Royal Giant,Earthquake,Mighty Miner,Lightning,Hunter,Skeletons,Fisherman,The Log,3.62,Siege,51.64,512,3815
99,RG Earthquake,B,EQ meta RG,Royal Giant,Earthquake,Mighty Miner,Lightning,Hunter,Skeletons,Fisherman,The Log,3.62,Siege,52.17,463,2031
100,RG Earthquake,B,EQ meta RG,Royal Giant,Earthquake,Mighty Miner,Lightning,Hunter,Skeletons,Fisherman,The Log,3.62,Siege,51.36,439,2092
101,Princess Hut,B,Defensive build,Princess,Knight,Skeleton Army,Goblin Hut,Inferno Tower,Fireball,Goblin Barrel,The Log,3.5,Control,51.45,171,1346
102,Princess Hut,B,Defensive build,Princess,Knight,Skeleton Army,Goblin Hut,Inferno Tower,Fireball,Goblin Barrel,The Log,3.5,Control,52.66,264,1499
103,Princess Hut,B,Defensive build,Princess,Knight,Skeleton Army,Goblin Hut,Inferno Tower,Fireball,Goblin Barrel,The Log,3.5,Control,50.63,282,1811
104,Princess Hut,B,Defensive build,Princess,Knight,Skeleton Army,Goblin Hut,Inferno Tower,Fireball,Goblin Barrel,The Log,3.5,Control,50.19,296,2105
105,Princess Hut,B,Defensive build,Princess,Knight,Skeleton Army,Goblin Hut,Inferno Tower,Fireball,Goblin Barrel,The Log,3.5,Control,52.55,268,1625
106,Sparky Beatdown,B,Sparky push,Sparky,Giant,Electro Wizard,Zap,Mega Minion,Tombstone,Fireball,Ice Spirit,3.5,Beatdown,50.15,269,1971
107,Sparky Beatdown,B,Sparky push,Sparky,Giant,Electro Wizard,Zap,Mega Minion,Tombstone,Fireball,Ice Spirit,3.5,Beatdown,49.04,133,649
108,Sparky Beatdown,B,Sparky push,Sparky,Giant,Electro Wizard,Zap,Mega Minion,Tombstone,Fireball,Ice Spirit,3.5,Beatdown,51.33,278,1043
109,Sparky Beatdown,B,Sparky push,Sparky,Giant,Electro Wizard,Zap,Mega Minion,Tombstone,Fireball,Ice Spirit,3.5,Beatdown,50.68,187,1467
110,Sparky Beatdown,B,Sparky push,Sparky,Giant,Electro Wizard,Zap,Mega Minion,Tombstone,Fireball,Ice Spirit,3.5,Beatdown,51.43,255,1362
111,Balloon Freeze,B,Loon classic,Balloon,Lumberjack,Freeze,Bowler,Tornado,Ice Spirit,Skeletons,Inferno Dragon,3.38,Beatdown,51.84,251,823
112,Balloon Freeze,B,Loon classic,Balloon,Lumberjack,Freeze,Bowler,Tornado,Ice Spirit,Skeletons,Inferno Dragon,3.38,Beatdown,53.19,331,2647
113,Balloon Freeze,B,Loon classic,Balloon,Lumberjack,Freeze,Bowler,Tornado,Ice Spirit,Skeletons,Inferno Dragon,3.38,Beatdown,53.59,293,2005
114,Balloon Freeze,B,Loon classic,Balloon,Lumberjack,Freeze,Bowler,Tornado,Ice Spirit,Skeletons,Inferno Dragon,3.38,Beatdown,53.43,337,1427
115,Balloon Freeze,B,Loon classic,Balloon,Lumberjack,Freeze,Bowler,Tornado,Ice Spirit,Skeletons,Inferno Dragon,3.38,Beatdown,51.95,229,1779
116,Royal Giant Bait,B,RG bait combo,Royal Giant,Princess,Goblin Barrel,Knight,Rocket,Goblin Gang,Inferno Tower,The Log,3.88,Control,51.22,214,1360
117,Royal Giant Bait,B,RG bait combo,Royal Giant,Princess,Goblin Barrel,Knight,Rocket,Goblin Gang,Inferno Tower,The Log,3.88,Control,51.25,233,831
118,Royal Giant Bait,B,RG bait combo,Royal Giant,Princess,Goblin Barrel,Knight,Rocket,Goblin Gang,Inferno Tower,The Log,3.88,Control,51.41,258,1770
119,Royal Giant Bait,B,RG bait combo,Royal Giant,Princess,Goblin Barrel,Knight,Rocket,Goblin Gang,Inferno Tower,The Log,3.88,Control,50.96,307,1768
120,Royal Giant Bait,B,RG bait combo,Royal Giant,Princess,Goblin Barrel,Knight,Rocket,Goblin Gang,Inferno Tower,The Log,3.88,Control,51.08,311,1560
121,Lava Miner,B,LavaMiner combo,Lava Hound,Miner,Mega Minion,Skeleton Army,Fireball,Arrows,Tombstone,Inferno Dragon,3.75,Beatdown,50.5,144,975
122,Lava Miner,B,LavaMiner combo,Lava Hound,Miner,Mega Minion,Skeleton Army,Fireball,Arrows,Tombstone,Inferno Dragon,3.75,Beatdown,51.96,245,995
123,Lava Miner,B,LavaMiner combo,Lava Hound,Miner,Mega Minion,Skeleton Army,Fireball,Arrows,Tombstone,Inferno Dragon,3.75,Beatdown,50.51,142,674
124,Lava Miner,B,LavaMiner combo,Lava Hound,Miner,Mega Minion,Skeleton Army,Fireball,Arrows,Tombstone,Inferno Dragon,3.75,Beatdown,51.87,198,1027
125,Lava Miner,B,LavaMiner combo,Lava Hound,Miner,Mega Minion,Skeleton Army,Fireball,Arrows,Tombstone,Inferno Dragon,3.75,Beatdown,52.81,192,1069
126,Witch Cycle,B,Witch defense,Witch,Knight,Ice Spirit,Skeletons,Fireball,The Log,Cannon,Ice Golem,2.62,Control,51.55,209,1277
127,Witch Cycle,B,Witch defense,Witch,Knight,Ice Spirit,Skeletons,Fireball,The Log,Cannon,Ice Golem,2.62,Control,51.79,292,1090
128,Witch Cycle,B,Witch defense,Witch,Knight,Ice Spirit,Skeletons,Fireball,The Log,Cannon,Ice Golem,2.62,Control,51.98,223,956
129,Witch Cycle,B,Witch defense,Witch,Knight,Ice Spirit,Skeletons,Fireball,The Log,Cannon,Ice Golem,2.62,Control,50.58,297,1622
130,Witch Cycle,B,Witch defense,Witch,Knight,Ice Spirit,Skeletons,Fireball,The Log,Cannon,Ice Golem,2.62,Control,50.19,245,1029
131,Goblin Drill,B,Goblin spam,Goblin Barrel,Goblin Gang,Princess,Skeletons,Ice Spirit,The Log,Knight,Rocket,2.75,Cycle,50.03,239,870
132,Goblin Drill,B,Goblin spam,Goblin Barrel,Goblin Gang,Princess,Skeletons,Ice Spirit,The Log,Knight,Rocket,2.75,Cycle,50.26,240,1489
133,Goblin Drill,B,Goblin spam,Goblin Barrel,Goblin Gang,Princess,Skeletons,Ice Spirit,The Log,Knight,Rocket,2.75,Cycle,50.35,271,2028
134,Goblin Drill,B,Goblin spam,Goblin Barrel,Goblin Gang,Princess,Skeletons,Ice Spirit,The Log,Knight,Rocket,2.75,Cycle,51.22,320,1235
135,Goblin Drill,B,Goblin spam,Goblin Barrel,Goblin Gang,Princess,Skeletons,Ice Spirit,The Log,Knight,Rocket,2.75,Cycle,50.38,226,868
136,Mortar Bait,B,Mortar variation,Mortar,Princess,Goblin Gang,Skeleton Army,Inferno Tower,Rocket,The Log,Knight,3.62,Siege,51.84,286,984
137,Mortar Bait,B,Mortar variation,Mortar,Princess,Goblin Gang,Skeleton Army,Inferno Tower,Rocket,The Log,Knight,3.62,Siege,51.36,329,1326
138,Mortar Bait,B,Mortar variation,Mortar,Princess,Goblin Gang,Skeleton Army,Inferno Tower,Rocket,The Log,Knight,3.62,Siege,52.09,335,2161
139,Mortar Bait,B,Mortar variation,Mortar,Princess,Goblin Gang,Skeleton Army,Inferno Tower,Rocket,The Log,Knight,3.62,Siege,51.12,379,2326
140,Mortar Bait,B,Mortar variation,Mortar,Princess,Goblin Gang,Skeleton Army,Inferno Tower,Rocket,The Log,Knight,3.62,Siege,51.25,391,2973
141,Bridge Spam Bandit,B,Quick aggro,Bandit,Battle Ram,Royal Ghost,Magic Archer,Electro Wizard,Zap,Fireball,Mini PEKKA,3.5,Beatdown,50.48,281,1975
142,Bridge Spam Bandit,B,Quick aggro,Bandit,Battle Ram,Royal Ghost,Magic Archer,Electro Wizard,Zap,Fireball,Mini PEKKA,3.5,Beatdown,52.54,267,1080
143,Bridge Spam Bandit,B,Quick aggro,Bandit,Battle Ram,Royal Ghost,Magic Archer,Electro Wizard,Zap,Fireball,Mini PEKKA,3.5,Beatdown,51.41,312,1900
144,Bridge Spam Bandit,B,Quick aggro,Bandit,Battle Ram,Royal Ghost,Magic Archer,Electro Wizard,Zap,Fireball,Mini PEKKA,3.5,Beatdown,51.41,309,2081
145,Bridge Spam Bandit,B,Quick aggro,Bandit,Battle Ram,Royal Ghost,Magic Archer,Electro Wizard,Zap,Fireball,Mini PEKKA,3.5,Beatdown,50.41,277,1818
146,Archer Queen Cycle,B,Champion Hog,Archer Queen,Hog Rider,Ice Spirit,Skeletons,Fireball,The Log,Cannon,Ice Golem,2.75,Cycle,54.59,486,2751
147,Archer Queen Cycle,B,Champion Hog,Archer Queen,Hog Rider,Ice Spirit,Skeletons,Fireball,The Log,Cannon,Ice Golem,2.75,Cycle,52.22,477,2701
148,Archer Queen Cycle,B,Champion Hog,Archer Queen,Hog Rider,Ice Spirit,Skeletons,Fireball,The Log,Cannon,Ice Golem,2.75,Cycle,52.63,450,2198
149,Archer Queen Cycle,B,Champion Hog,Archer Queen,Hog Rider,Ice Spirit,Skeletons,Fireball,The Log,Cannon,Ice Golem,2.75,Cycle,51.96,458,1858
150,Archer Queen Cycle,B,Champion Hog,Archer Queen,Hog Rider,Ice Spirit,Skeletons,Fireball,The Log,Cannon,Ice Golem,2.75,Cycle,52.88,427,3182
151,Inferno Dragon Beatdown,B,Inferno Giant,Giant,Inferno Dragon,Wizard,Musketeer,Fireball,Zap,Mega Minion,Tombstone,3.75,Beatdown,51.38,271,1882
152,Inferno Dragon Beatdown,B,Inferno Giant,Giant,Inferno Dragon,Wizard,Musketeer,Fireball,Zap,Mega Minion,Tombstone,3.75,Beatdown,51.1,183,1040
153,Inferno Dragon Beatdown,B,Inferno Giant,Giant,Inferno Dragon,Wizard,Musketeer,Fireball,Zap,Mega Minion,Tombstone,3.75,Beatdown,51.36,281,1449
154,Inferno Dragon Beatdown,B,Inferno Giant,Giant,Inferno Dragon,Wizard,Musketeer,Fireball,Zap,Mega Minion,Tombstone,3.75,Beatdown,49.98,212,1020
155,Inferno Dragon Beatdown,B,Inferno Giant,Giant,Inferno Dragon,Wizard,Musketeer,Fireball,Zap,Mega Minion,Tombstone,3.75,Beatdown,51.54,255,1219
156,Wall Breakers Cycle,B,WB chip,Wall Breakers,Miner,Bats,Skeletons,Ice Spirit,Fireball,The Log,Knight,2.25,Cycle,52.06,280,1172
157,Wall Breakers Cycle,B,WB chip,Wall Breakers,Miner,Bats,Skeletons,Ice Spirit,Fireball,The Log,Knight,2.25,Cycle,49.41,212,896
158,Wall Breakers Cycle,B,WB chip,Wall Breakers,Miner,Bats,Skeletons,Ice Spirit,Fireball,The Log,Knight,2.25,Cycle,49.58,217,960
159,Wall Breakers Cycle,B,WB chip,Wall Breakers,Miner,Bats,Skeletons,Ice Spirit,Fireball,The Log,Knight,2.25,Cycle,49.62,324,1101
160,Wall Breakers Cycle,B,WB chip,Wall Breakers,Miner,Bats,Skeletons,Ice Spirit,Fireball,The Log,Knight,2.25,Cycle,50.67,251,1985
161,Skeleton Barrel,B,Barrel bait,Skeleton Barrel,Bats,Skeletons,Ice Spirit,Fireball,The Log,Knight,Princess,2.38,Cycle,49.04,169,1326
162,Skeleton Barrel,B,Barrel bait,Skeleton Barrel,Bats,Skeletons,Ice Spirit,Fireball,The Log,Knight,Princess,2.38,Cycle,51.3,232,995
163,Skeleton Barrel,B,Barrel bait,Skeleton Barrel,Bats,Skeletons,Ice Spirit,Fireball,The Log,Knight,Princess,2.38,Cycle,49.21,210,1605
164,Skeleton Barrel,B,Barrel bait,Skeleton Barrel,Bats,Skeletons,Ice Spirit,Fireball,The Log,Knight,Princess,2.38,Cycle,50.37,195,857
165,Skeleton Barrel,B,Barrel bait,Skeleton Barrel,Bats,Skeletons,Ice Spirit,Fireball,The Log,Knight,Princess,2.38,Cycle,51.01,138,637
166,Elite Barb Rage,C,EBarb push,Elite Barbarians,Battle Ram,Bandit,Fireball,The Log,Skeletons,Ice Spirit,Royal Ghost,3.0,Beatdown,48.48,166,699
167,Elite Barb Rage,C,EBarb push,Elite Barbarians,Battle Ram,Bandit,Fireball,The Log,Skeletons,Ice Spirit,Royal Ghost,3.0,Beatdown,47.54,181,804
168,Elite Barb Rage,C,EBarb push,Elite Barbarians,Battle Ram,Bandit,Fireball,The Log,Skeletons,Ice Spirit,Royal Ghost,3.0,Beatdown,48.94,113,610
169,Elite Barb Rage,C,EBarb push,Elite Barbarians,Battle Ram,Bandit,Fireball,The Log,Skeletons,Ice Spirit,Royal Ghost,3.0,Beatdown,48.8,97,454
170,Elite Barb Rage,C,EBarb push,Elite Barbarians,Battle Ram,Bandit,Fireball,The Log,Skeletons,Ice Spirit,Royal Ghost,3.0,Beatdown,47.6,99,787
171,Goblin Giant Sparky,C,Sparky variant,Giant Skeleton,Sparky,Wizard,Mega Minion,Fireball,Zap,Tombstone,Ice Spirit,3.75,Beatdown,48.67,191,816
172,Goblin Giant Sparky,C,Sparky variant,Giant Skeleton,Sparky,Wizard,Mega Minion,Fireball,Zap,Tombstone,Ice Spirit,3.75,Beatdown,49.74,184,1099
173,Goblin Giant Sparky,C,Sparky variant,Giant Skeleton,Sparky,Wizard,Mega Minion,Fireball,Zap,Tombstone,Ice Spirit,3.75,Beatdown,49.11,131,621
174,Goblin Giant Sparky,C,Sparky variant,Giant Skeleton,Sparky,Wizard,Mega Minion,Fireball,Zap,Tombstone,Ice Spirit,3.75,Beatdown,50.49,194,1518
175,Goblin Giant Sparky,C,Sparky variant,Giant Skeleton,Sparky,Wizard,Mega Minion,Fireball,Zap,Tombstone,Ice Spirit,3.75,Beatdown,48.07,179,1376
176,Three Musketeers Rage,C,Heal 3M,Three Musketeers,Battle Ram,Heal Spirit,Elixir Collector,Fireball,The Log,Dark Prince,Ice Golem,4.0,Beatdown,48.84,129,865
177,Three Musketeers Rage,C,Heal 3M,Three Musketeers,Battle Ram,Heal Spirit,Elixir Collector,Fireball,The Log,Dark Prince,Ice Golem,4.0,Beatdown,50.02,246,909
178,Three Musketeers Rage,C,Heal 3M,Three Musketeers,Battle Ram,Heal Spirit,Elixir Collector,Fireball,The Log,Dark Prince,Ice Golem,4.0,Beatdown,50.69,150,572
179,Three Musketeers Rage,C,Heal 3M,Three Musketeers,Battle Ram,Heal Spirit,Elixir Collector,Fireball,The Log,Dark Prince,Ice Golem,4.0,Beatdown,48.79,242,1530
180,Three Musketeers Rage,C,Heal 3M,Three Musketeers,Battle Ram,Heal Spirit,Elixir Collector,Fireball,The Log,Dark Prince,Ice Golem,4.0,Beatdown,49.87,173,1277
181,Royal Recruits Spam,C,Recruit heavy,Royal Recruits,Battle Healer,Three Musketeers,Elixir Collector,Fireball,Zap,Mega Minion,Ice Spirit,4.5,Beatdown,48.08,182,945
182,Royal Recruits Spam,C,Recruit heavy,Royal Recruits,Battle Healer,Three Musketeers,Elixir Collector,Fireball,Zap,Mega Minion,Ice Spirit,4.5,Beatdown,48.03,129,581
183,Royal Recruits Spam,C,Recruit heavy,Royal Recruits,Battle Healer,Three Musketeers,Elixir Collector,Fireball,Zap,Mega Minion,Ice Spirit,4.5,Beatdown,49.14,135,561
184,Royal Recruits Spam,C,Recruit heavy,Royal Recruits,Battle Healer,Three Musketeers,Elixir Collector,Fireball,Zap,Mega Minion,Ice Spirit,4.5,Beatdown,49.6,117,668
185,Royal Recruits Spam,C,Recruit heavy,Royal Recruits,Battle Healer,Three Musketeers,Elixir Collector,Fireball,Zap,Mega Minion,Ice Spirit,4.5,Beatdown,49.62,153,548
186,Clone Beatdown,C,Clone gimmick,Giant,Witch,Clone,Mega Minion,Fireball,Zap,Tombstone,Ice Spirit,3.25,Beatdown,50.42,124,579
187,Clone Beatdown,C,Clone gimmick,Giant,Witch,Clone,Mega Minion,Fireball,Zap,Tombstone,Ice Spirit,3.25,Beatdown,48.02,149,908
188,Clone Beatdown,C,Clone gimmick,Giant,Witch,Clone,Mega Minion,Fireball,Zap,Tombstone,Ice Spirit,3.25,Beatdown,49.2,164,1138
189,Clone Beatdown,C,Clone gimmick,Giant,Witch,Clone,Mega Minion,Fireball,Zap,Tombstone,Ice Spirit,3.25,Beatdown,48.06,76,322
190,Clone Beatdown,C,Clone gimmick,Giant,Witch,Clone,Mega Minion,Fireball,Zap,Tombstone,Ice Spirit,3.25,Beatdown,49.83,35,204
191,Goblin Gang Cycle,C,Goblin spam,Goblin Gang,Spear Goblins,Goblins,Ice Spirit,The Log,Princess,Knight,Fireball,2.5,Cycle,49.69,211,993
192,Goblin Gang Cycle,C,Goblin spam,Goblin Gang,Spear Goblins,Goblins,Ice Spirit,The Log,Princess,Knight,Fireball,2.5,Cycle,49.86,96,694
193,Goblin Gang Cycle,C,Goblin spam,Goblin Gang,Spear Goblins,Goblins,Ice Spirit,The Log,Princess,Knight,Fireball,2.5,Cycle,47.78,139,971
194,Goblin Gang Cycle,C,Goblin spam,Goblin Gang,Spear Goblins,Goblins,Ice Spirit,The Log,Princess,Knight,Fireball,2.5,Cycle,47.85,114,753
195,Goblin Gang Cycle,C,Goblin spam,Goblin Gang,Spear Goblins,Goblins,Ice Spirit,The Log,Princess,Knight,Fireball,2.5,Cycle,49.56,176,1138
196,Cannon Cart Beatdown,C,Cart push,Giant,Cannon Cart,Musketeer,Mini PEKKA,Fireball,Zap,Mega Minion,Skeletons,3.5,Beatdown,49.63,147,695
197,Cannon Cart Beatdown,C,Cart push,Giant,Cannon Cart,Musketeer,Mini PEKKA,Fireball,Zap,Mega Minion,Skeletons,3.5,Beatdown,48.54,246,1455
198,Cannon Cart Beatdown,C,Cart push,Giant,Cannon Cart,Musketeer,Mini PEKKA,Fireball,Zap,Mega Minion,Skeletons,3.5,Beatdown,49.2,179,1384
199,Cannon Cart Beatdown,C,Cart push,Giant,Cannon Cart,Musketeer,Mini PEKKA,Fireball,Zap,Mega Minion,Skeletons,3.5,Beatdown,48.46,197,1089
200,Cannon Cart Beatdown,C,Cart push,Giant,Cannon Cart,Musketeer,Mini PEKKA,Fireball,Zap,Mega Minion,Skeletons,3.5,Beatdown,49.83,112,824
201,Monk Bridge,A,Monk champion meta,Monk,Battle Ram,Bandit,Magic Archer,Electro Wizard,Zap,Poison,Royal Ghost,3.62,Beatdown,56.1,404,2619
202,Monk Bridge,A,Monk champion meta,Monk,Battle Ram,Bandit,Magic Archer,Electro Wizard,Zap,Poison,Royal Ghost,3.62,Beatdown,56.07,426,1602
203,Monk Bridge,A,Monk champion meta,Monk,Battle Ram,Bandit,Magic Archer,Electro Wizard,Zap,Poison,Royal Ghost,3.62,Beatdown,55.03,411,2104
204,Monk Bridge,A,Monk champion meta,Monk,Battle Ram,Bandit,Magic Archer,Electro Wizard,Zap,Poison,Royal Ghost,3.62,Beatdown,55.51,460,3508
205,Monk Bridge,A,Monk champion meta,Monk,Battle Ram,Bandit,Magic Archer,Electro Wizard,Zap,Poison,Royal Ghost,3.62,Beatdown,54.65,336,2662
206,Phoenix Cycle,A,Phoenix meta,Phoenix,Hog Rider,Musketeer,Ice Spirit,Skeletons,Fireball,The Log,Cannon,2.88,Cycle,54.62,378,2874
207,Phoenix Cycle,A,Phoenix meta,Phoenix,Hog Rider,Musketeer,Ice Spirit,Skeletons,Fireball,The Log,Cannon,2.88,Cycle,54.71,437,2602
208,Phoenix Cycle,A,Phoenix meta,Phoenix,Hog Rider,Musketeer,Ice Spirit,Skeletons,Fireball,The Log,Cannon,2.88,Cycle,53.3,368,1720
209,Phoenix Cycle,A,Phoenix meta,Phoenix,Hog Rider,Musketeer,Ice Spirit,Skeletons,Fireball,The Log,Cannon,2.88,Cycle,54.51,360,1680
210,Phoenix Cycle,A,Phoenix meta,Phoenix,Hog Rider,Musketeer,Ice Spirit,Skeletons,Fireball,The Log,Cannon,2.88,Cycle,53.29,440,3343
211,Little Prince Cycle,A,LP champion deck,Little Prince,Hog Rider,Musketeer,Ice Spirit,Skeletons,Fireball,The Log,Cannon,2.75,Cycle,53.84,522,3490
212,Little Prince Cycle,A,LP champion deck,Little Prince,Hog Rider,Musketeer,Ice Spirit,Skeletons,Fireball,The Log,Cannon,2.75,Cycle,54.16,503,2646
213,Little Prince Cycle,A,LP champion deck,Little Prince,Hog Rider,Musketeer,Ice Spirit,Skeletons,Fireball,The Log,Cannon,2.75,Cycle,53.22,496,2723
214,Little Prince Cycle,A,LP champion deck,Little Prince,Hog Rider,Musketeer,Ice Spirit,Skeletons,Fireball,The Log,Cannon,2.75,Cycle,54.06,607,2920
215,Little Prince Cycle,A,LP champion deck,Little Prince,Hog Rider,Musketeer,Ice Spirit,Skeletons,Fireball,The Log,Cannon,2.75,Cycle,54.54,564,1728
216,Goblinstein Beatdown,B,New champion,Goblinstein,Giant,Wizard,Musketeer,Fireball,Zap,Mega Minion,Ice Spirit,3.62,Beatdown,52.39,256,1998
217,Goblinstein Beatdown,B,New champion,Goblinstein,Giant,Wizard,Musketeer,Fireball,Zap,Mega Minion,Ice Spirit,3.62,Beatdown,50.85,292,1000
218,Goblinstein Beatdown,B,New champion,Goblinstein,Giant,Wizard,Musketeer,Fireball,Zap,Mega Minion,Ice Spirit,3.62,Beatdown,53.39,305,1822
219,Goblinstein Beatdown,B,New champion,Goblinstein,Giant,Wizard,Musketeer,Fireball,Zap,Mega Minion,Ice Spirit,3.62,Beatdown,50.6,342,1384
220,Goblinstein Beatdown,B,New champion,Goblinstein,Giant,Wizard,Musketeer,Fireball,Zap,Mega Minion,Ice Spirit,3.62,Beatdown,53.09,260,1027
221,Mighty Miner Cycle,A,MM Hog combo,Mighty Miner,Hog Rider,Musketeer,Skeletons,Fireball,The Log,Cannon,Ice Spirit,2.88,Cycle,52.41,470,2737
222,Mighty Miner Cycle,A,MM Hog combo,Mighty Miner,Hog Rider,Musketeer,Skeletons,Fireball,The Log,Cannon,Ice Spirit,2.88,Cycle,52.5,516,2717
223,Mighty Miner Cycle,A,MM Hog combo,Mighty Miner,Hog Rider,Musketeer,Skeletons,Fireball,The Log,Cannon,Ice Spirit,2.88,Cycle,53.87,466,2331
224,Mighty Miner Cycle,A,MM Hog combo,Mighty Miner,Hog Rider,Musketeer,Skeletons,Fireball,The Log,Cannon,Ice Spirit,2.88,Cycle,53.98,423,1653
225,Mighty Miner Cycle,A,MM Hog combo,Mighty Miner,Hog Rider,Musketeer,Skeletons,Fireball,The Log,Cannon,Ice Spirit,2.88,Cycle,54.89,541,2632
226,Royal Champion Recruits,A,Royal beatdown,Royal Champion,Royal Recruits,Mighty Miner,Hunter,Earthquake,Skeletons,Fisherman,The Log,3.88,Beatdown,53.41,436,2199
227,Royal Champion Recruits,A,Royal beatdown,Royal Champion,Royal Recruits,Mighty Miner,Hunter,Earthquake,Skeletons,Fisherman,The Log,3.88,Beatdown,52.68,363,2388
228,Royal Champion Recruits,A,Royal beatdown,Royal Champion,Royal Recruits,Mighty Miner,Hunter,Earthquake,Skeletons,Fisherman,The Log,3.88,Beatdown,54.58,344,1413
229,Royal Champion Recruits,A,Royal beatdown,Royal Champion,Royal Recruits,Mighty Miner,Hunter,Earthquake,Skeletons,Fisherman,The Log,3.88,Beatdown,53.29,440,1363
230,Royal Champion Recruits,A,Royal beatdown,Royal Champion,Royal Recruits,Mighty Miner,Hunter,Earthquake,Skeletons,Fisherman,The Log,3.88,Beatdown,52.91,459,1786
231,Archer Queen Beatdown,A,AQ Giant push,Archer Queen,Giant,Wizard,Musketeer,Fireball,Zap,Mega Minion,Tombstone,3.88,Beatdown,53.96,405,1416
232,Archer Queen Beatdown,A,AQ Giant push,Archer Queen,Giant,Wizard,Musketeer,Fireball,Zap,Mega Minion,Tombstone,3.88,Beatdown,52.73,478,3479
233,Archer Queen Beatdown,A,AQ Giant push,Archer Queen,Giant,Wizard,Musketeer,Fireball,Zap,Mega Minion,Tombstone,3.88,Beatdown,54.49,429,2720
234,Archer Queen Beatdown,A,AQ Giant push,Archer Queen,Giant,Wizard,Musketeer,Fireball,Zap,Mega Minion,Tombstone,3.88,Beatdown,52.61,413,3089
235,Archer Queen Beatdown,A,AQ Giant push,Archer Queen,Giant,Wizard,Musketeer,Fireball,Zap,Mega Minion,Tombstone,3.88,Beatdown,52.04,382,1543
236,World Finals Hog,S,World Finals 2024,Hog Rider,Musketeer,Ice Spirit,Skeletons,Fireball,The Log,Cannon,Ice Golem,2.62,Cycle,56.98,657,3886
237,World Finals Hog,S,World Finals 2024,Hog Rider,Musketeer,Ice Spirit,Skeletons,Fireball,The Log,Cannon,Ice Golem,2.62,Cycle,58.16,763,5407
238,World Finals Hog,S,World Finals 2024,Hog Rider,Musketeer,Ice Spirit,Skeletons,Fireball,The Log,Cannon,Ice Golem,2.62,Cycle,57.93,668,3272
239,World Finals Hog,S,World Finals 2024,Hog Rider,Musketeer,Ice Spirit,Skeletons,Fireball,The Log,Cannon,Ice Golem,2.62,Cycle,58.67,670,4100
240,World Finals Hog,S,World Finals 2024,Hog Rider,Musketeer,Ice Spirit,Skeletons,Fireball,The Log,Cannon,Ice Golem,2.62,Cycle,58.13,712,3688
241,Champion League PEKKA,S,Champion League winner,PEKKA,Royal Ghost,Battle Ram,Magic Archer,Electro Wizard,Poison,Zap,Bandit,3.88,Beatdown,56.48,632,4308
242,Champion League PEKKA,S,Champion League winner,PEKKA,Royal Ghost,Battle Ram,Magic Archer,Electro Wizard,Poison,Zap,Bandit,3.88,Beatdown,56.02,620,3371
243,Champion League PEKKA,S,Champion League winner,PEKKA,Royal Ghost,Battle Ram,Magic Archer,Electro Wizard,Poison,Zap,Bandit,3.88,Beatdown,58.28,609,3121
244,Champion League PEKKA,S,Champion League winner,PEKKA,Royal Ghost,Battle Ram,Magic Archer,Electro Wizard,Poison,Zap,Bandit,3.88,Beatdown,55.67,530,3025
245,Champion League PEKKA,S,Champion League winner,PEKKA,Royal Ghost,Battle Ram,Magic Archer,Electro Wizard,Poison,Zap,Bandit,3.88,Beatdown,57.5,528,1951
246,CWA Recommended,A,CWA YouTube,Mega Knight,Inferno Dragon,Skeleton Army,Ice Spirit,Bats,Fireball,Zap,Goblin Gang,3.25,Beatdown,54.2,457,2572
247,CWA Recommended,A,CWA YouTube,Mega Knight,Inferno Dragon,Skeleton Army,Ice Spirit,Bats,Fireball,Zap,Goblin Gang,3.25,Beatdown,52.22,350,1082
248,CWA Recommended,A,CWA YouTube,Mega Knight,Inferno Dragon,Skeleton Army,Ice Spirit,Bats,Fireball,Zap,Goblin Gang,3.25,Beatdown,54.44,327,1923
249,CWA Recommended,A,CWA YouTube,Mega Knight,Inferno Dragon,Skeleton Army,Ice Spirit,Bats,Fireball,Zap,Goblin Gang,3.25,Beatdown,52.52,393,2459
250,CWA Recommended,A,CWA YouTube,Mega Knight,Inferno Dragon,Skeleton Army,Ice Spirit,Bats,Fireball,Zap,Goblin Gang,3.25,Beatdown,54.19,340,1038
251,OJ Mortar Cycle,A,OJ classic,Mortar,Knight,Skeletons,Ice Spirit,Bomber,The Log,Rocket,Miner,2.88,Siege,53.51,405,2984
252,OJ Mortar Cycle,A,OJ classic,Mortar,Knight,Skeletons,Ice Spirit,Bomber,The Log,Rocket,Miner,2.88,Siege,54.89,360,2277
253,OJ Mortar Cycle,A,OJ classic,Mortar,Knight,Skeletons,Ice Spirit,Bomber,The Log,Rocket,Miner,2.88,Siege,53.63,407,2073
254,OJ Mortar Cycle,A,OJ classic,Mortar,Knight,Skeletons,Ice Spirit,Bomber,The Log,Rocket,Miner,2.88,Siege,54.25,347,1122
255,OJ Mortar Cycle,A,OJ classic,Mortar,Knight,Skeletons,Ice Spirit,Bomber,The Log,Rocket,Miner,2.88,Siege,53.6,380,1297
256,MorTen Spam,A,MorTen pro,PEKKA,Battle Ram,Royal Ghost,Bandit,Magic Archer,Electro Wizard,Poison,Zap,3.88,Beatdown,56.11,456,2255
257,MorTen Spam,A,MorTen pro,PEKKA,Battle Ram,Royal Ghost,Bandit,Magic Archer,Electro Wizard,Poison,Zap,3.88,Beatdown,55.17,473,3119
258,MorTen Spam,A,MorTen pro,PEKKA,Battle Ram,Royal Ghost,Bandit,Magic Archer,Electro Wizard,Poison,Zap,3.88,Beatdown,55.19,504,2711
259,MorTen Spam,A,MorTen pro,PEKKA,Battle Ram,Royal Ghost,Bandit,Magic Archer,Electro Wizard,Poison,Zap,3.88,Beatdown,56.29,560,3731
260,MorTen Spam,A,MorTen pro,PEKKA,Battle Ram,Royal Ghost,Bandit,Magic Archer,Electro Wizard,Poison,Zap,3.88,Beatdown,54.94,424,1827
261,Fisherman Control,B,Underrated gem,Fisherman,Royal Giant,Mighty Miner,Hunter,Lightning,Skeletons,The Log,Tornado,3.62,Control,53.49,197,1079
262,Fisherman Control,B,Underrated gem,Fisherman,Royal Giant,Mighty Miner,Hunter,Lightning,Skeletons,The Log,Tornado,3.62,Control,53.49,240,1645
263,Fisherman Control,B,Underrated gem,Fisherman,Royal Giant,Mighty Miner,Hunter,Lightning,Skeletons,The Log,Tornado,3.62,Control,52.02,201,1334
264,Fisherman Control,B,Underrated gem,Fisherman,Royal Giant,Mighty Miner,Hunter,Lightning,Skeletons,The Log,Tornado,3.62,Control,53.19,293,1516
265,Fisherman Control,B,Underrated gem,Fisherman,Royal Giant,Mighty Miner,Hunter,Lightning,Skeletons,The Log,Tornado,3.62,Control,52.44,312,2183
266,Mother Witch Defense,B,Defensive sleeper,Mother Witch,Knight,Skeletons,Ice Spirit,Fireball,The Log,Tombstone,Musketeer,2.75,Control,52.98,200,1190
267,Mother Witch Defense,B,Defensive sleeper,Mother Witch,Knight,Skeletons,Ice Spirit,Fireball,The Log,Tombstone,Musketeer,2.75,Control,51.98,173,1312
268,Mother Witch Defense,B,Defensive sleeper,Mother Witch,Knight,Skeletons,Ice Spirit,Fireball,The Log,Tombstone,Musketeer,2.75,Control,51.31,302,1579
269,Mother Witch Defense,B,Defensive sleeper,Mother Witch,Knight,Skeletons,Ice Spirit,Fireball,The Log,Tombstone,Musketeer,2.75,Control,51.46,241,1774
270,Mother Witch Defense,B,Defensive sleeper,Mother Witch,Knight,Skeletons,Ice Spirit,Fireball,The Log,Tombstone,Musketeer,2.75,Control,53.1,280,1762
271,Ram Rider Control,B,Ram push,Ram Rider,Wizard,Musketeer,Mega Minion,Fireball,Zap,Tombstone,Ice Spirit,3.38,Beatdown,52.28,267,1134
272,Ram Rider Control,B,Ram push,Ram Rider,Wizard,Musketeer,Mega Minion,Fireball,Zap,Tombstone,Ice Spirit,3.38,Beatdown,51.67,173,1373
273,Ram Rider Control,B,Ram push,Ram Rider,Wizard,Musketeer,Mega Minion,Fireball,Zap,Tombstone,Ice Spirit,3.38,Beatdown,53.03,145,946
274,Ram Rider Control,B,Ram push,Ram Rider,Wizard,Musketeer,Mega Minion,Fireball,Zap,Tombstone,Ice Spirit,3.38,Beatdown,52.98,167,975
275,Ram Rider Control,B,Ram push,Ram Rider,Wizard,Musketeer,Mega Minion,Fireball,Zap,Tombstone,Ice Spirit,3.38,Beatdown,52.95,145,940
276,Magic Archer Beat,B,MA value,Giant,Magic Archer,Witch,Mega Minion,Fireball,Zap,Tombstone,Ice Spirit,3.38,Beatdown,51.99,318,2497
277,Magic Archer Beat,B,MA value,Giant,Magic Archer,Witch,Mega Minion,Fireball,Zap,Tombstone,Ice Spirit,3.38,Beatdown,53.93,251,1834
278,Magic Archer Beat,B,MA value,Giant,Magic Archer,Witch,Mega Minion,Fireball,Zap,Tombstone,Ice Spirit,3.38,Beatdown,53.63,227,1621
279,Magic Archer Beat,B,MA value,Giant,Magic Archer,Witch,Mega Minion,Fireball,Zap,Tombstone,Ice Spirit,3.38,Beatdown,51.21,269,1116
280,Magic Archer Beat,B,MA value,Giant,Magic Archer,Witch,Mega Minion,Fireball,Zap,Tombstone,Ice Spirit,3.38,Beatdown,51.46,191,1237
281,Hog Cycle Variant,A,Valk variant,Hog Rider,Valkyrie,Ice Spirit,Skeletons,Fireball,The Log,Cannon,Ice Golem,2.62,Cycle,53.62,438,1457
282,Hog Cycle Variant,A,Valk variant,Hog Rider,Valkyrie,Ice Spirit,Skeletons,Fireball,The Log,Cannon,Ice Golem,2.62,Cycle,53.55,410,2850
283,Hog Cycle Variant,A,Valk variant,Hog Rider,Valkyrie,Ice Spirit,Skeletons,Fireball,The Log,Cannon,Ice Golem,2.62,Cycle,53.56,423,3142
284,Hog Cycle Variant,A,Valk variant,Hog Rider,Valkyrie,Ice Spirit,Skeletons,Fireball,The Log,Cannon,Ice Golem,2.62,Cycle,54.45,364,1136
285,Hog Cycle Variant,A,Valk variant,Hog Rider,Valkyrie,Ice Spirit,Skeletons,Fireball,The Log,Cannon,Ice Golem,2.62,Cycle,55.21,333,2455
286,Hog Tesla,B,Tesla defense,Hog Rider,Musketeer,Ice Spirit,Skeletons,Fireball,The Log,Tesla,Ice Golem,2.75,Cycle,52.79,410,2867
287,Hog Tesla,B,Tesla defense,Hog Rider,Musketeer,Ice Spirit,Skeletons,Fireball,The Log,Tesla,Ice Golem,2.75,Cycle,54.19,322,2201
288,Hog Tesla,B,Tesla defense,Hog Rider,Musketeer,Ice Spirit,Skeletons,Fireball,The Log,Tesla,Ice Golem,2.75,Cycle,52.41,341,2092
289,Hog Tesla,B,Tesla defense,Hog Rider,Musketeer,Ice Spirit,Skeletons,Fireball,The Log,Tesla,Ice Golem,2.75,Cycle,53.82,417,2852
290,Hog Tesla,B,Tesla defense,Hog Rider,Musketeer,Ice Spirit,Skeletons,Fireball,The Log,Tesla,Ice Golem,2.75,Cycle,52.45,333,2227
291,Royal Hogs Hunter,A,Hunter RH,Royal Hogs,Hunter,Mighty Miner,Royal Recruits,Earthquake,Skeletons,Fisherman,The Log,3.62,Beatdown,54.02,396,1890
292,Royal Hogs Hunter,A,Hunter RH,Royal Hogs,Hunter,Mighty Miner,Royal Recruits,Earthquake,Skeletons,Fisherman,The Log,3.62,Beatdown,54.16,424,1767
293,Royal Hogs Hunter,A,Hunter RH,Royal Hogs,Hunter,Mighty Miner,Royal Recruits,Earthquake,Skeletons,Fisherman,The Log,3.62,Beatdown,53.43,382,3032
294,Royal Hogs Hunter,A,Hunter RH,Royal Hogs,Hunter,Mighty Miner,Royal Recruits,Earthquake,Skeletons,Fisherman,The Log,3.62,Beatdown,54.58,437,2796
295,Royal Hogs Hunter,A,Hunter RH,Royal Hogs,Hunter,Mighty Miner,Royal Recruits,Earthquake,Skeletons,Fisherman,The Log,3.62,Beatdown,53.95,522,3618
296,Hog Rocket,B,Rocket bait,Hog Rider,Musketeer,Goblin Gang,Princess,Rocket,The Log,Cannon,Knight,3.5,Cycle,50.27,292,2159
297,Hog Rocket,B,Rocket bait,Hog Rider,Musketeer,Goblin Gang,Princess,Rocket,The Log,Cannon,Knight,3.5,Cycle,52.83,300,1820
298,Hog Rocket,B,Rocket bait,Hog Rider,Musketeer,Goblin Gang,Princess,Rocket,The Log,Cannon,Knight,3.5,Cycle,50.5,378,1571
299,Hog Rocket,B,Rocket bait,Hog Rider,Musketeer,Goblin Gang,Princess,Rocket,The Log,Cannon,Knight,3.5,Cycle,52.83,327,1974
300,Hog Rocket,B,Rocket bait,Hog Rider,Musketeer,Goblin Gang,Princess,Rocket,The Log,Cannon,Knight,3.5,Cycle,51.54,264,1025
301,Giant Witch,B,Giant Witch,Giant,Witch,Mini PEKKA,Musketeer,Fireball,Zap,Mega Minion,Ice Spirit,3.5,Beatdown,50.96,237,1634
302,Giant Witch,B,Giant Witch,Giant,Witch,Mini PEKKA,Musketeer,Fireball,Zap,Mega Minion,Ice Spirit,3.5,Beatdown,51.35,218,1710
303,Giant Witch,B,Giant Witch,Giant,Witch,Mini PEKKA,Musketeer,Fireball,Zap,Mega Minion,Ice Spirit,3.5,Beatdown,52.95,349,2783
304,Giant Witch,B,Giant Witch,Giant,Witch,Mini PEKKA,Musketeer,Fireball,Zap,Mega Minion,Ice Spirit,3.5,Beatdown,50.82,269,1826
305,Giant Witch,B,Giant Witch,Giant,Witch,Mini PEKKA,Musketeer,Fireball,Zap,Mega Minion,Ice Spirit,3.5,Beatdown,52.39,233,1649
306,Balloon Cycle,B,Loon variant,Balloon,Miner,Inferno Dragon,Skeleton Army,Fireball,The Log,Ice Spirit,Mega Minion,3.12,Beatdown,51.57,273,1551
307,Balloon Cycle,B,Loon variant,Balloon,Miner,Inferno Dragon,Skeleton Army,Fireball,The Log,Ice Spirit,Mega Minion,3.12,Beatdown,52.68,327,1130
308,Balloon Cycle,B,Loon variant,Balloon,Miner,Inferno Dragon,Skeleton Army,Fireball,The Log,Ice Spirit,Mega Minion,3.12,Beatdown,53.53,279,1017
309,Balloon Cycle,B,Loon variant,Balloon,Miner,Inferno Dragon,Skeleton Army,Fireball,The Log,Ice Spirit,Mega Minion,3.12,Beatdown,53.57,383,2799
310,Balloon Cycle,B,Loon variant,Balloon,Miner,Inferno Dragon,Skeleton Army,Fireball,The Log,Ice Spirit,Mega Minion,3.12,Beatdown,53.33,338,1944
311,Mega Knight Goblin,B,MK Bait,Mega Knight,Goblin Barrel,Princess,Goblin Gang,Inferno Tower,Rocket,The Log,Knight,4.0,Beatdown,50.86,351,1707
312,Mega Knight Goblin,B,MK Bait,Mega Knight,Goblin Barrel,Princess,Goblin Gang,Inferno Tower,Rocket,The Log,Knight,4.0,Beatdown,51.38,398,2180
313,Mega Knight Goblin,B,MK Bait,Mega Knight,Goblin Barrel,Princess,Goblin Gang,Inferno Tower,Rocket,The Log,Knight,4.0,Beatdown,50.84,323,2072
314,Mega Knight Goblin,B,MK Bait,Mega Knight,Goblin Barrel,Princess,Goblin Gang,Inferno Tower,Rocket,The Log,Knight,4.0,Beatdown,50.83,417,2283
315,Mega Knight Goblin,B,MK Bait,Mega Knight,Goblin Barrel,Princess,Goblin Gang,Inferno Tower,Rocket,The Log,Knight,4.0,Beatdown,52.04,378,2692
316,X-Bow Knight,B,Knight XB,X-Bow,Knight,Tesla,Archers,Skeletons,Ice Spirit,Fireball,The Log,3.0,Siege,53.24,361,2104
317,X-Bow Knight,B,Knight XB,X-Bow,Knight,Tesla,Archers,Skeletons,Ice Spirit,Fireball,The Log,3.0,Siege,53.0,391,2731
318,X-Bow Knight,B,Knight XB,X-Bow,Knight,Tesla,Archers,Skeletons,Ice Spirit,Fireball,The Log,3.0,Siege,54.18,387,2839
319,X-Bow Knight,B,Knight XB,X-Bow,Knight,Tesla,Archers,Skeletons,Ice Spirit,Fireball,The Log,3.0,Siege,54.33,385,2497
320,X-Bow Knight,B,Knight XB,X-Bow,Knight,Tesla,Archers,Skeletons,Ice Spirit,Fireball,The Log,3.0,Siege,54.24,352,2380
321,Mortar Miner,B,Miner Mortar,Mortar,Miner,Knight,Skeletons,Princess,The Log,Rocket,Ice Spirit,2.88,Siege,51.88,352,2590
322,Mortar Miner,B,Miner Mortar,Mortar,Miner,Knight,Skeletons,Princess,The Log,Rocket,Ice Spirit,2.88,Siege,51.49,343,1250
323,Mortar Miner,B,Miner Mortar,Mortar,Miner,Knight,Skeletons,Princess,The Log,Rocket,Ice Spirit,2.88,Siege,52.41,331,1259
324,Mortar Miner,B,Miner Mortar,Mortar,Miner,Knight,Skeletons,Princess,The Log,Rocket,Ice Spirit,2.88,Siege,53.85,344,1904
325,Mortar Miner,B,Miner Mortar,Mortar,Miner,Knight,Skeletons,Princess,The Log,Rocket,Ice Spirit,2.88,Siege,51.42,263,1600
326,Royal Giant Sparky,C,RG Sparky combo,Royal Giant,Sparky,Electro Wizard,Zap,Mega Minion,Tombstone,Fireball,Ice Spirit,3.62,Beatdown,51.04,194,834
327,Royal Giant Sparky,C,RG Sparky combo,Royal Giant,Sparky,Electro Wizard,Zap,Mega Minion,Tombstone,Fireball,Ice Spirit,3.62,Beatdown,50.0,180,1241
328,Royal Giant Sparky,C,RG Sparky combo,Royal Giant,Sparky,Electro Wizard,Zap,Mega Minion,Tombstone,Fireball,Ice Spirit,3.62,Beatdown,48.42,214,1221
329,Royal Giant Sparky,C,RG Sparky combo,Royal Giant,Sparky,Electro Wizard,Zap,Mega Minion,Tombstone,Fireball,Ice Spirit,3.62,Beatdown,50.99,151,930
330,Royal Giant Sparky,C,RG Sparky combo,Royal Giant,Sparky,Electro Wizard,Zap,Mega Minion,Tombstone,Fireball,Ice Spirit,3.62,Beatdown,50.9,115,883
331,Goblin Drill Bait,B,Bait variant,Goblin Barrel,Princess,Goblin Gang,Bats,Inferno Tower,Rocket,The Log,Knight,3.38,Cycle,52.46,210,946
332,Goblin Drill Bait,B,Bait variant,Goblin Barrel,Princess,Goblin Gang,Bats,Inferno Tower,Rocket,The Log,Knight,3.38,Cycle,52.52,210,1241
333,Goblin Drill Bait,B,Bait variant,Goblin Barrel,Princess,Goblin Gang,Bats,Inferno Tower,Rocket,The Log,Knight,3.38,Cycle,51.44,293,946
334,Goblin Drill Bait,B,Bait variant,Goblin Barrel,Princess,Goblin Gang,Bats,Inferno Tower,Rocket,The Log,Knight,3.38,Cycle,53.01,346,2714
335,Goblin Drill Bait,B,Bait variant,Goblin Barrel,Princess,Goblin Gang,Bats,Inferno Tower,Rocket,The Log,Knight,3.38,Cycle,52.65,219,1487
336,Bandit Cycle,B,Bandit Hog,Bandit,Hog Rider,Musketeer,Ice Spirit,Fireball,The Log,Cannon,Skeletons,2.75,Cycle,50.87,263,1214
337,Bandit Cycle,B,Bandit Hog,Bandit,Hog Rider,Musketeer,Ice Spirit,Fireball,The Log,Cannon,Skeletons,2.75,Cycle,52.27,375,2406
338,Bandit Cycle,B,Bandit Hog,Bandit,Hog Rider,Musketeer,Ice Spirit,Fireball,The Log,Cannon,Skeletons,2.75,Cycle,52.14,301,2403
339,Bandit Cycle,B,Bandit Hog,Bandit,Hog Rider,Musketeer,Ice Spirit,Fireball,The Log,Cannon,Skeletons,2.75,Cycle,52.08,327,1248
340,Bandit Cycle,B,Bandit Hog,Bandit,Hog Rider,Musketeer,Ice Spirit,Fireball,The Log,Cannon,Skeletons,2.75,Cycle,53.18,364,1493
341,Royal Ghost Hog,B,Ghost Hog,Royal Ghost,Hog Rider,Musketeer,Skeletons,Fireball,The Log,Cannon,Ice Spirit,2.75,Cycle,51.45,392,2458
342,Royal Ghost Hog,B,Ghost Hog,Royal Ghost,Hog Rider,Musketeer,Skeletons,Fireball,The Log,Cannon,Ice Spirit,2.75,Cycle,52.02,432,1622
343,Royal Ghost Hog,B,Ghost Hog,Royal Ghost,Hog Rider,Musketeer,Skeletons,Fireball,The Log,Cannon,Ice Spirit,2.75,Cycle,52.5,431,2197
344,Royal Ghost Hog,B,Ghost Hog,Royal Ghost,Hog Rider,Musketeer,Skeletons,Fireball,The Log,Cannon,Ice Spirit,2.75,Cycle,53.12,349,1525
345,Royal Ghost Hog,B,Ghost Hog,Royal Ghost,Hog Rider,Musketeer,Skeletons,Fireball,The Log,Cannon,Ice Spirit,2.75,Cycle,54.15,351,2622
346,Electro Wizard Beat,B,EWiz support,Giant,Electro Wizard,Wizard,Musketeer,Fireball,Zap,Mega Minion,Tombstone,3.75,Beatdown,50.59,201,634
347,Electro Wizard Beat,B,EWiz support,Giant,Electro Wizard,Wizard,Musketeer,Fireball,Zap,Mega Minion,Tombstone,3.75,Beatdown,51.86,225,1647
348,Electro Wizard Beat,B,EWiz support,Giant,Electro Wizard,Wizard,Musketeer,Fireball,Zap,Mega Minion,Tombstone,3.75,Beatdown,51.32,315,1237
349,Electro Wizard Beat,B,EWiz support,Giant,Electro Wizard,Wizard,Musketeer,Fireball,Zap,Mega Minion,Tombstone,3.75,Beatdown,52.51,286,1960
350,Electro Wizard Beat,B,EWiz support,Giant,Electro Wizard,Wizard,Musketeer,Fireball,Zap,Mega Minion,Tombstone,3.75,Beatdown,52.43,284,1741
351,Hunter Hog,B,Hunter cycle,Hog Rider,Hunter,Ice Spirit,Skeletons,Fireball,The Log,Cannon,Ice Golem,2.62,Cycle,51.99,314,2387
352,Hunter Hog,B,Hunter cycle,Hog Rider,Hunter,Ice Spirit,Skeletons,Fireball,The Log,Cannon,Ice Golem,2.62,Cycle,53.45,429,2319
353,Hunter Hog,B,Hunter cycle,Hog Rider,Hunter,Ice Spirit,Skeletons,Fireball,The Log,Cannon,Ice Golem,2.62,Cycle,51.95,328,2108
354,Hunter Hog,B,Hunter cycle,Hog Rider,Hunter,Ice Spirit,Skeletons,Fireball,The Log,Cannon,Ice Golem,2.62,Cycle,52.89,340,1855
355,Hunter Hog,B,Hunter cycle,Hog Rider,Hunter,Ice Spirit,Skeletons,Fireball,The Log,Cannon,Ice Golem,2.62,Cycle,51.79,397,1724
356,Bowler Graveyard,B,Bowler GY,Graveyard,Bowler,Baby Dragon,Tombstone,Knight,Tornado,Ice Spirit,The Log,3.25,Control,53.39,236,1245
357,Bowler Graveyard,B,Bowler GY,Graveyard,Bowler,Baby Dragon,Tombstone,Knight,Tornado,Ice Spirit,The Log,3.25,Control,51.03,200,992
358,Bowler Graveyard,B,Bowler GY,Graveyard,Bowler,Baby Dragon,Tombstone,Knight,Tornado,Ice Spirit,The Log,3.25,Control,52.44,280,1248
359,Bowler Graveyard,B,Bowler GY,Graveyard,Bowler,Baby Dragon,Tombstone,Knight,Tornado,Ice Spirit,The Log,3.25,Control,53.08,319,2200
360,Bowler Graveyard,B,Bowler GY,Graveyard,Bowler,Baby Dragon,Tombstone,Knight,Tornado,Ice Spirit,The Log,3.25,Control,51.12,262,923
361,Tornado Executioner,B,Exe Tornado,Executioner,Tornado,Knight,Skeletons,Fireball,The Log,Ice Spirit,Mega Minion,2.75,Control,52.63,377,1399
362,Tornado Executioner,B,Exe Tornado,Executioner,Tornado,Knight,Skeletons,Fireball,The Log,Ice Spirit,Mega Minion,2.75,Control,53.4,322,2096
363,Tornado Executioner,B,Exe Tornado,Executioner,Tornado,Knight,Skeletons,Fireball,The Log,Ice Spirit,Mega Minion,2.75,Control,53.58,231,1070
364,Tornado Executioner,B,Exe Tornado,Executioner,Tornado,Knight,Skeletons,Fireball,The Log,Ice Spirit,Mega Minion,2.75,Control,53.45,243,1155
365,Tornado Executioner,B,Exe Tornado,Executioner,Tornado,Knight,Skeletons,Fireball,The Log,Ice Spirit,Mega Minion,2.75,Control,52.0,241,1201
366,Inferno Dragon Loon,B,InfernoLoon,Lava Hound,Inferno Dragon,Balloon,Mega Minion,Tombstone,Fireball,Arrows,Skeleton Army,4.0,Beatdown,51.7,265,1708
367,Inferno Dragon Loon,B,InfernoLoon,Lava Hound,Inferno Dragon,Balloon,Mega Minion,Tombstone,Fireball,Arrows,Skeleton Army,4.0,Beatdown,53.7,210,805
368,Inferno Dragon Loon,B,InfernoLoon,Lava Hound,Inferno Dragon,Balloon,Mega Minion,Tombstone,Fireball,Arrows,Skeleton Army,4.0,Beatdown,51.61,275,1796
369,Inferno Dragon Loon,B,InfernoLoon,Lava Hound,Inferno Dragon,Balloon,Mega Minion,Tombstone,Fireball,Arrows,Skeleton Army,4.0,Beatdown,51.39,320,1043
370,Inferno Dragon Loon,B,InfernoLoon,Lava Hound,Inferno Dragon,Balloon,Mega Minion,Tombstone,Fireball,Arrows,Skeleton Army,4.0,Beatdown,52.92,286,2103
371,Firecracker Hog,B,FC Hog,Hog Rider,Firecracker,Ice Spirit,Skeletons,Fireball,The Log,Cannon,Ice Golem,2.5,Cycle,53.04,380,1784
372,Firecracker Hog,B,FC Hog,Hog Rider,Firecracker,Ice Spirit,Skeletons,Fireball,The Log,Cannon,Ice Golem,2.5,Cycle,53.34,272,2032
373,Firecracker Hog,B,FC Hog,Hog Rider,Firecracker,Ice Spirit,Skeletons,Fireball,The Log,Cannon,Ice Golem,2.5,Cycle,52.54,382,2009
374,Firecracker Hog,B,FC Hog,Hog Rider,Firecracker,Ice Spirit,Skeletons,Fireball,The Log,Cannon,Ice Golem,2.5,Cycle,52.83,338,2250
375,Firecracker Hog,B,FC Hog,Hog Rider,Firecracker,Ice Spirit,Skeletons,Fireball,The Log,Cannon,Ice Golem,2.5,Cycle,51.14,269,1139
376,Zappies Beat,C,Zappies push,Giant,Zappies,Wizard,Musketeer,Fireball,Zap,Mega Minion,Tombstone,3.75,Beatdown,48.78,220,901
377,Zappies Beat,C,Zappies push,Giant,Zappies,Wizard,Musketeer,Fireball,Zap,Mega Minion,Tombstone,3.75,Beatdown,51.23,140,547
378,Zappies Beat,C,Zappies push,Giant,Zappies,Wizard,Musketeer,Fireball,Zap,Mega Minion,Tombstone,3.75,Beatdown,50.67,188,1032
379,Zappies Beat,C,Zappies push,Giant,Zappies,Wizard,Musketeer,Fireball,Zap,Mega Minion,Tombstone,3.75,Beatdown,49.97,197,816
380,Zappies Beat,C,Zappies push,Giant,Zappies,Wizard,Musketeer,Fireball,Zap,Mega Minion,Tombstone,3.75,Beatdown,51.29,236,1475
381,Rascals Recruits,C,Heavy team,Royal Recruits,Rascals,Three Musketeers,Elixir Collector,Fireball,Zap,Mega Minion,Ice Spirit,4.62,Beatdown,48.0,172,578
382,Rascals Recruits,C,Heavy team,Royal Recruits,Rascals,Three Musketeers,Elixir Collector,Fireball,Zap,Mega Minion,Ice Spirit,4.62,Beatdown,47.49,108,573
383,Rascals Recruits,C,Heavy team,Royal Recruits,Rascals,Three Musketeers,Elixir Collector,Fireball,Zap,Mega Minion,Ice Spirit,4.62,Beatdown,50.0,179,1201
384,Rascals Recruits,C,Heavy team,Royal Recruits,Rascals,Three Musketeers,Elixir Collector,Fireball,Zap,Mega Minion,Ice Spirit,4.62,Beatdown,48.68,121,587
385,Rascals Recruits,C,Heavy team,Royal Recruits,Rascals,Three Musketeers,Elixir Collector,Fireball,Zap,Mega Minion,Ice Spirit,4.62,Beatdown,50.36,76,557
386,Flying Machine Cycle,C,FM Hog,Hog Rider,Flying Machine,Ice Spirit,Skeletons,Fireball,The Log,Cannon,Knight,2.75,Cycle,50.34,175,1159
387,Flying Machine Cycle,C,FM Hog,Hog Rider,Flying Machine,Ice Spirit,Skeletons,Fireball,The Log,Cannon,Knight,2.75,Cycle,50.06,241,1808
388,Flying Machine Cycle,C,FM Hog,Hog Rider,Flying Machine,Ice Spirit,Skeletons,Fireball,The Log,Cannon,Knight,2.75,Cycle,49.87,151,900
389,Flying Machine Cycle,C,FM Hog,Hog Rider,Flying Machine,Ice Spirit,Skeletons,Fireball,The Log,Cannon,Knight,2.75,Cycle,51.34,141,862
390,Flying Machine Cycle,C,FM Hog,Hog Rider,Flying Machine,Ice Spirit,Skeletons,Fireball,The Log,Cannon,Knight,2.75,Cycle,50.49,219,801
391,Battle Healer Recruit,C,Healer push,Royal Recruits,Battle Healer,Hunter,Earthquake,Fireball,Skeletons,Fisherman,The Log,3.5,Beatdown,50.05,216,842
392,Battle Healer Recruit,C,Healer push,Royal Recruits,Battle Healer,Hunter,Earthquake,Fireball,Skeletons,Fisherman,The Log,3.5,Beatdown,48.61,225,878
393,Battle Healer Recruit,C,Healer push,Royal Recruits,Battle Healer,Hunter,Earthquake,Fireball,Skeletons,Fisherman,The Log,3.5,Beatdown,50.46,153,648
394,Battle Healer Recruit,C,Healer push,Royal Recruits,Battle Healer,Hunter,Earthquake,Fireball,Skeletons,Fisherman,The Log,3.5,Beatdown,50.51,146,813
395,Battle Healer Recruit,C,Healer push,Royal Recruits,Battle Healer,Hunter,Earthquake,Fireball,Skeletons,Fisherman,The Log,3.5,Beatdown,48.98,168,641
396,Elixir Golem Battle,C,Elixir Golem,Elixir Golem,Battle Healer,Night Witch,Lumberjack,Fireball,Zap,Mega Minion,Tombstone,3.38,Beatdown,49.27,245,1051
397,Elixir Golem Battle,C,Elixir Golem,Elixir Golem,Battle Healer,Night Witch,Lumberjack,Fireball,Zap,Mega Minion,Tombstone,3.38,Beatdown,50.07,148,1016
398,Elixir Golem Battle,C,Elixir Golem,Elixir Golem,Battle Healer,Night Witch,Lumberjack,Fireball,Zap,Mega Minion,Tombstone,3.38,Beatdown,48.49,245,1290
399,Elixir Golem Battle,C,Elixir Golem,Elixir Golem,Battle Healer,Night Witch,Lumberjack,Fireball,Zap,Mega Minion,Tombstone,3.38,Beatdown,48.81,111,427
400,Elixir Golem Battle,C,Elixir Golem,Elixir Golem,Battle Healer,Night Witch,Lumberjack,Fireball,Zap,Mega Minion,Tombstone,3.38,Beatdown,49.66,150,1071
401,Heal Spirit Cycle,C,Heal Hog,Hog Rider,Musketeer,Heal Spirit,Skeletons,Fireball,The Log,Cannon,Ice Golem,2.62,Cycle,50.19,157,955
402,Heal Spirit Cycle,C,Heal Hog,Hog Rider,Musketeer,Heal Spirit,Skeletons,Fireball,The Log,Cannon,Ice Golem,2.62,Cycle,51.02,145,556
403,Heal Spirit Cycle,C,Heal Hog,Hog Rider,Musketeer,Heal Spirit,Skeletons,Fireball,The Log,Cannon,Ice Golem,2.62,Cycle,49.01,230,1453
404,Heal Spirit Cycle,C,Heal Hog,Hog Rider,Musketeer,Heal Spirit,Skeletons,Fireball,The Log,Cannon,Ice Golem,2.62,Cycle,50.32,246,1728
405,Heal Spirit Cycle,C,Heal Hog,Hog Rider,Musketeer,Heal Spirit,Skeletons,Fireball,The Log,Cannon,Ice Golem,2.62,Cycle,50.66,250,1007
406,Hog Skeleton Army,B,Skarmy Hog,Hog Rider,Musketeer,Ice Spirit,Skeleton Army,Fireball,The Log,Cannon,Ice Golem,2.88,Cycle,50.64,260,854
407,Hog Skeleton Army,B,Skarmy Hog,Hog Rider,Musketeer,Ice Spirit,Skeleton Army,Fireball,The Log,Cannon,Ice Golem,2.88,Cycle,51.89,360,1150
408,Hog Skeleton Army,B,Skarmy Hog,Hog Rider,Musketeer,Ice Spirit,Skeleton Army,Fireball,The Log,Cannon,Ice Golem,2.88,Cycle,50.67,287,2201
409,Hog Skeleton Army,B,Skarmy Hog,Hog Rider,Musketeer,Ice Spirit,Skeleton Army,Fireball,The Log,Cannon,Ice Golem,2.88,Cycle,51.25,296,949
410,Hog Skeleton Army,B,Skarmy Hog,Hog Rider,Musketeer,Ice Spirit,Skeleton Army,Fireball,The Log,Cannon,Ice Golem,2.88,Cycle,50.75,367,2871
411,Hog Bats,B,Bats Hog,Hog Rider,Musketeer,Bats,Skeletons,Fireball,The Log,Cannon,Ice Spirit,2.62,Cycle,50.61,332,2056
412,Hog Bats,B,Bats Hog,Hog Rider,Musketeer,Bats,Skeletons,Fireball,The Log,Cannon,Ice Spirit,2.62,Cycle,53.2,258,1439
413,Hog Bats,B,Bats Hog,Hog Rider,Musketeer,Bats,Skeletons,Fireball,The Log,Cannon,Ice Spirit,2.62,Cycle,52.07,290,1072
414,Hog Bats,B,Bats Hog,Hog Rider,Musketeer,Bats,Skeletons,Fireball,The Log,Cannon,Ice Spirit,2.62,Cycle,50.69,236,1539
415,Hog Bats,B,Bats Hog,Hog Rider,Musketeer,Bats,Skeletons,Fireball,The Log,Cannon,Ice Spirit,2.62,Cycle,51.21,291,2284
416,Mega Knight Inferno,B,MK Inferno,Mega Knight,Inferno Dragon,Bats,Skeletons,Ice Spirit,Fireball,Zap,Goblin Gang,3.0,Beatdown,51.38,380,1983
417,Mega Knight Inferno,B,MK Inferno,Mega Knight,Inferno Dragon,Bats,Skeletons,Ice Spirit,Fireball,Zap,Goblin Gang,3.0,Beatdown,53.7,306,1977
418,Mega Knight Inferno,B,MK Inferno,Mega Knight,Inferno Dragon,Bats,Skeletons,Ice Spirit,Fireball,Zap,Goblin Gang,3.0,Beatdown,53.61,421,2701
419,Mega Knight Inferno,B,MK Inferno,Mega Knight,Inferno Dragon,Bats,Skeletons,Ice Spirit,Fireball,Zap,Goblin Gang,3.0,Beatdown,52.59,372,2732
420,Mega Knight Inferno,B,MK Inferno,Mega Knight,Inferno Dragon,Bats,Skeletons,Ice Spirit,Fireball,Zap,Goblin Gang,3.0,Beatdown,52.81,284,2173
421,PEKKA Wizard,B,Wiz PEKKA,PEKKA,Wizard,Battle Ram,Bandit,Magic Archer,Poison,Zap,Royal Ghost,4.0,Beatdown,53.47,401,1635
422,PEKKA Wizard,B,Wiz PEKKA,PEKKA,Wizard,Battle Ram,Bandit,Magic Archer,Poison,Zap,Royal Ghost,4.0,Beatdown,53.38,359,2245
423,PEKKA Wizard,B,Wiz PEKKA,PEKKA,Wizard,Battle Ram,Bandit,Magic Archer,Poison,Zap,Royal Ghost,4.0,Beatdown,51.72,398,3182
424,PEKKA Wizard,B,Wiz PEKKA,PEKKA,Wizard,Battle Ram,Bandit,Magic Archer,Poison,Zap,Royal Ghost,4.0,Beatdown,51.54,446,2245
425,PEKKA Wizard,B,Wiz PEKKA,PEKKA,Wizard,Battle Ram,Bandit,Magic Archer,Poison,Zap,Royal Ghost,4.0,Beatdown,54.01,417,2433
426,PEKKA Hunter,A,Hunter PEKKA,PEKKA,Hunter,Battle Ram,Bandit,Magic Archer,Poison,Zap,Royal Ghost,3.88,Beatdown,54.82,501,2515
427,PEKKA Hunter,A,Hunter PEKKA,PEKKA,Hunter,Battle Ram,Bandit,Magic Archer,Poison,Zap,Royal Ghost,3.88,Beatdown,53.58,470,3308
428,PEKKA Hunter,A,Hunter PEKKA,PEKKA,Hunter,Battle Ram,Bandit,Magic Archer,Poison,Zap,Royal Ghost,3.88,Beatdown,54.89,489,2532
429,PEKKA Hunter,A,Hunter PEKKA,PEKKA,Hunter,Battle Ram,Bandit,Magic Archer,Poison,Zap,Royal Ghost,3.88,Beatdown,55.05,388,2220
430,PEKKA Hunter,A,Hunter PEKKA,PEKKA,Hunter,Battle Ram,Bandit,Magic Archer,Poison,Zap,Royal Ghost,3.88,Beatdown,52.62,418,2019
431,Giant Skeleton Beat,B,GS Beatdown,Giant Skeleton,Wizard,Musketeer,Mega Minion,Fireball,Zap,Tombstone,Ice Spirit,3.5,Beatdown,50.99,244,1206
432,Giant Skeleton Beat,B,GS Beatdown,Giant Skeleton,Wizard,Musketeer,Mega Minion,Fireball,Zap,Tombstone,Ice Spirit,3.5,Beatdown,51.15,175,851
433,Giant Skeleton Beat,B,GS Beatdown,Giant Skeleton,Wizard,Musketeer,Mega Minion,Fireball,Zap,Tombstone,Ice Spirit,3.5,Beatdown,50.48,150,902
434,Giant Skeleton Beat,B,GS Beatdown,Giant Skeleton,Wizard,Musketeer,Mega Minion,Fireball,Zap,Tombstone,Ice Spirit,3.5,Beatdown,51.8,232,1233
435,Giant Skeleton Beat,B,GS Beatdown,Giant Skeleton,Wizard,Musketeer,Mega Minion,Fireball,Zap,Tombstone,Ice Spirit,3.5,Beatdown,50.94,269,1505
436,Prince Dark Prince,B,Double Prince,Prince,Dark Prince,Giant,Musketeer,Fireball,Zap,Mega Minion,Ice Spirit,3.5,Beatdown,51.64,163,767
437,Prince Dark Prince,B,Double Prince,Prince,Dark Prince,Giant,Musketeer,Fireball,Zap,Mega Minion,Ice Spirit,3.5,Beatdown,51.34,219,1292
438,Prince Dark Prince,B,Double Prince,Prince,Dark Prince,Giant,Musketeer,Fireball,Zap,Mega Minion,Ice Spirit,3.5,Beatdown,51.8,251,1712
439,Prince Dark Prince,B,Double Prince,Prince,Dark Prince,Giant,Musketeer,Fireball,Zap,Mega Minion,Ice Spirit,3.5,Beatdown,52.64,267,2076
440,Prince Dark Prince,B,Double Prince,Prince,Dark Prince,Giant,Musketeer,Fireball,Zap,Mega Minion,Ice Spirit,3.5,Beatdown,50.25,189,574
441,Battle Ram Cycle,B,BR Hog,Battle Ram,Hog Rider,Musketeer,Skeletons,Fireball,The Log,Cannon,Ice Spirit,2.88,Cycle,52.84,364,1535
442,Battle Ram Cycle,B,BR Hog,Battle Ram,Hog Rider,Musketeer,Skeletons,Fireball,The Log,Cannon,Ice Spirit,2.88,Cycle,53.68,239,1833
443,Battle Ram Cycle,B,BR Hog,Battle Ram,Hog Rider,Musketeer,Skeletons,Fireball,The Log,Cannon,Ice Spirit,2.88,Cycle,51.95,245,1330
444,Battle Ram Cycle,B,BR Hog,Battle Ram,Hog Rider,Musketeer,Skeletons,Fireball,The Log,Cannon,Ice Spirit,2.88,Cycle,51.67,272,1233
445,Battle Ram Cycle,B,BR Hog,Battle Ram,Hog Rider,Musketeer,Skeletons,Fireball,The Log,Cannon,Ice Spirit,2.88,Cycle,53.31,310,1412
446,Knight Cycle,B,Knight Hog,Knight,Hog Rider,Musketeer,Ice Spirit,Skeletons,Fireball,The Log,Cannon,2.75,Cycle,53.93,427,1863
447,Knight Cycle,B,Knight Hog,Knight,Hog Rider,Musketeer,Ice Spirit,Skeletons,Fireball,The Log,Cannon,2.75,Cycle,53.34,338,1320
448,Knight Cycle,B,Knight Hog,Knight,Hog Rider,Musketeer,Ice Spirit,Skeletons,Fireball,The Log,Cannon,2.75,Cycle,54.14,347,1952
449,Knight Cycle,B,Knight Hog,Knight,Hog Rider,Musketeer,Ice Spirit,Skeletons,Fireball,The Log,Cannon,2.75,Cycle,54.23,336,1961
450,Knight Cycle,B,Knight Hog,Knight,Hog Rider,Musketeer,Ice Spirit,Skeletons,Fireball,The Log,Cannon,2.75,Cycle,52.87,464,2513
451,Valkyrie Bridge,B,Valk Bridge,Valkyrie,Battle Ram,Bandit,Magic Archer,Electro Wizard,Zap,Poison,Royal Ghost,3.5,Beatdown,53.12,292,939
452,Valkyrie Bridge,B,Valk Bridge,Valkyrie,Battle Ram,Bandit,Magic Archer,Electro Wizard,Zap,Poison,Royal Ghost,3.5,Beatdown,52.6,352,2114
453,Valkyrie Bridge,B,Valk Bridge,Valkyrie,Battle Ram,Bandit,Magic Archer,Electro Wizard,Zap,Poison,Royal Ghost,3.5,Beatdown,53.16,342,1416
454,Valkyrie Bridge,B,Valk Bridge,Valkyrie,Battle Ram,Bandit,Magic Archer,Electro Wizard,Zap,Poison,Royal Ghost,3.5,Beatdown,51.34,301,1521
455,Valkyrie Bridge,B,Valk Bridge,Valkyrie,Battle Ram,Bandit,Magic Archer,Electro Wizard,Zap,Poison,Royal Ghost,3.5,Beatdown,53.22,345,1644
456,Bomber Cycle,C,Bomber Hog,Hog Rider,Bomber,Ice Spirit,Skeletons,Fireball,The Log,Cannon,Ice Golem,2.5,Cycle,49.41,207,905
457,Bomber Cycle,C,Bomber Hog,Hog Rider,Bomber,Ice Spirit,Skeletons,Fireball,The Log,Cannon,Ice Golem,2.5,Cycle,51.17,153,969
458,Bomber Cycle,C,Bomber Hog,Hog Rider,Bomber,Ice Spirit,Skeletons,Fireball,The Log,Cannon,Ice Golem,2.5,Cycle,48.99,183,962
459,Bomber Cycle,C,Bomber Hog,Hog Rider,Bomber,Ice Spirit,Skeletons,Fireball,The Log,Cannon,Ice Golem,2.5,Cycle,50.46,115,768
460,Bomber Cycle,C,Bomber Hog,Hog Rider,Bomber,Ice Spirit,Skeletons,Fireball,The Log,Cannon,Ice Golem,2.5,Cycle,51.29,122,424
461,Archers Cycle,C,Archer Hog,Hog Rider,Archers,Ice Spirit,Skeletons,Fireball,The Log,Cannon,Ice Golem,2.5,Cycle,48.37,166,1001
462,Archers Cycle,C,Archer Hog,Hog Rider,Archers,Ice Spirit,Skeletons,Fireball,The Log,Cannon,Ice Golem,2.5,Cycle,49.94,104,515
463,Archers Cycle,C,Archer Hog,Hog Rider,Archers,Ice Spirit,Skeletons,Fireball,The Log,Cannon,Ice Golem,2.5,Cycle,50.08,144,1143
464,Archers Cycle,C,Archer Hog,Hog Rider,Archers,Ice Spirit,Skeletons,Fireball,The Log,Cannon,Ice Golem,2.5,Cycle,48.71,174,873
465,Archers Cycle,C,Archer Hog,Hog Rider,Archers,Ice Spirit,Skeletons,Fireball,The Log,Cannon,Ice Golem,2.5,Cycle,49.58,177,1143
466,Minions Cycle,C,Minion Hog,Hog Rider,Minions,Ice Spirit,Skeletons,Fireball,The Log,Cannon,Ice Golem,2.5,Cycle,52.07,149,524
467,Minions Cycle,C,Minion Hog,Hog Rider,Minions,Ice Spirit,Skeletons,Fireball,The Log,Cannon,Ice Golem,2.5,Cycle,51.27,216,944
468,Minions Cycle,C,Minion Hog,Hog Rider,Minions,Ice Spirit,Skeletons,Fireball,The Log,Cannon,Ice Golem,2.5,Cycle,49.34,142,1060
469,Minions Cycle,C,Minion Hog,Hog Rider,Minions,Ice Spirit,Skeletons,Fireball,The Log,Cannon,Ice Golem,2.5,Cycle,49.68,178,735
470,Minions Cycle,C,Minion Hog,Hog Rider,Minions,Ice Spirit,Skeletons,Fireball,The Log,Cannon,Ice Golem,2.5,Cycle,50.16,140,783
471,Mini PEKKA Cycle,B,MP Hog,Hog Rider,Mini PEKKA,Ice Spirit,Skeletons,Fireball,The Log,Cannon,Ice Golem,2.62,Cycle,51.4,360,1500
472,Mini PEKKA Cycle,B,MP Hog,Hog Rider,Mini PEKKA,Ice Spirit,Skeletons,Fireball,The Log,Cannon,Ice Golem,2.62,Cycle,52.82,372,2326
473,Mini PEKKA Cycle,B,MP Hog,Hog Rider,Mini PEKKA,Ice Spirit,Skeletons,Fireball,The Log,Cannon,Ice Golem,2.62,Cycle,52.8,288,1343
474,Mini PEKKA Cycle,B,MP Hog,Hog Rider,Mini PEKKA,Ice Spirit,Skeletons,Fireball,The Log,Cannon,Ice Golem,2.62,Cycle,53.21,389,2454
475,Mini PEKKA Cycle,B,MP Hog,Hog Rider,Mini PEKKA,Ice Spirit,Skeletons,Fireball,The Log,Cannon,Ice Golem,2.62,Cycle,52.87,349,1858
476,Mega Minion Cycle,B,MM Hog,Hog Rider,Mega Minion,Ice Spirit,Skeletons,Fireball,The Log,Cannon,Ice Golem,2.5,Cycle,51.08,344,2679
477,Mega Minion Cycle,B,MM Hog,Hog Rider,Mega Minion,Ice Spirit,Skeletons,Fireball,The Log,Cannon,Ice Golem,2.5,Cycle,51.43,363,1453
478,Mega Minion Cycle,B,MM Hog,Hog Rider,Mega Minion,Ice Spirit,Skeletons,Fireball,The Log,Cannon,Ice Golem,2.5,Cycle,52.51,274,1439
479,Mega Minion Cycle,B,MM Hog,Hog Rider,Mega Minion,Ice Spirit,Skeletons,Fireball,The Log,Cannon,Ice Golem,2.5,Cycle,53.17,312,1973
480,Mega Minion Cycle,B,MM Hog,Hog Rider,Mega Minion,Ice Spirit,Skeletons,Fireball,The Log,Cannon,Ice Golem,2.5,Cycle,53.29,399,1665
